[
    {
        "name": "id",
        "dbType": "increments",
        "htmlType": "",
        "validations": "",
        "searchable": false,
        "fillable": false,
        "primary": true,
        "inForm": false,
        "inIndex": false
    },{
        "name": "a_escolar",
        "dbType": "string",
        "htmlType": "text",
        "validations": "required",
        "searchable": true,
        "fillable": true
    },{
        "name": "trimestre",
        "dbType": "string,50",
        "htmlType": "select,ENERO:ENERO, FEBRERO:FEBRERO, MARZO:MARZO, ABRIL:ABRIL, MAYO:MAYO, JUNIO:JUNIO, JULIO:JULIO, AGOSTO:AGOSTO, SEPTIEMBRE:SEPTIEMBRE, OCTUBRE:OCTUBRE",
        "validations": "required",
        "searchable": true,
        "fillable": true
    },{
        "name": "boleta",
        "dbType": "string",
        "searchable": true,
        "fillable": true
    },{
        "name": "observacion",
        "dbType": "string",
        "htmlType": "textarea",
        "searchable": true
    },{
        "name": "estudiante_id",
        "dbType": "integer:unsigned:foreign,estudiantes,id",
        "validations": "required",
        "htmlType": "",
        "relation": "mt1,estudiante,estudiante_id"
    },{
        "name": "seccion_id",
        "dbType": "integer:unsigned:foreign,seccions,id",
        "htmlType": "",
        "relation": "mt1,seccion,seccion_id"
    },{
        "name": "created_at",
        "dbType": "timestamp",
        "htmlType": "",
        "validations": "",
        "searchable": false,
        "fillable": false,
        "primary": false,
        "inForm": false,
        "inIndex": false
    },{
        "name": "updated_at",
        "dbType": "timestamp",
        "htmlType": "",
        "validations": "",
        "searchable": false,
        "fillable": false,
        "primary": false,
        "inForm": false,
        "inIndex": false
    }
]