[
    {
        "name": "id",
        "dbType": "increments",
        "htmlType": "",
        "validations": "",
        "searchable": false,
        "fillable": false,
        "primary": true,
        "inForm": false,
        "inIndex": false
    },{
        "name": "nombre",
        "dbType": "string,50",
        "htmlType": "text",
        "validations": "required",
        "searchable": true,
        "fillable": true
    },{
        "name": "apellido",
        "dbType": "string,50",
        "htmlType": "text",
        "validations": "required",
        "searchable": true,
        "fillable": true
    },{
        "name": "fechaNacimiento",
        "dbType": "date",
        "htmlType": "date",
        "validations": "required",
        "searchable": true,
        "fillable": true
    },{
        "name": "sexo",
        "dbType": "string,2",
        "htmlType": "radio,M,F",
        "validations": "required",
        "searchable": true,
        "fillable": true
    },{
        "name": "ci",
        "dbType": "string,50",
        "htmlType": "text",
        "validations": "required",
        "searchable": true,
        "fillable": true
    },{
        "type": "relation",
        "relation": "1tm,representante"
    },{
        "type": "relation",
        "relation": "1tm,boleta"
    },{
        "name": "created_at",
        "dbType": "timestamp",
        "htmlType": "",
        "validations": "",
        "searchable": false,
        "fillable": false,
        "primary": false,
        "inForm": false,
        "inIndex": false
    },{
        "name": "updated_at",
        "dbType": "timestamp",
        "htmlType": "",
        "validations": "",
        "searchable": false,
        "fillable": false,
        "primary": false,
        "inForm": false,
        "inIndex": false
    }
]