[
    {
        "name": "id",
        "dbType": "increments",
        "htmlType": "",
        "validations": "",
        "searchable": false,
        "fillable": false,
        "primary": true,
        "inForm": false,
        "inIndex": false
    },{
        "name": "nombre",
        "dbType": "string,50",
        "htmlType": "text",
        "validations": "required",
        "searchable": true,
        "fillable": true
    },{
        "name": "email",
        "dbType": "string",
        "htmlType": "email",
        "searchable": true,
        "fillable": true
    },{
        "name": "tlf",
        "dbType": "string",
        "htmlType": "text",
        "validations": "required",
        "searchable": true,
        "fillable": true
    },{
        "name": "estudiante_id",
        "dbType": "integer:unsigned:foreign,estudiantes,id",
        "htmlType": "",
        "relation": "mt1,estudiante,estudiante_id"
    },{
        "name": "created_at",
        "dbType": "timestamp",
        "htmlType": "",
        "validations": "",
        "searchable": false,
        "fillable": false,
        "primary": false,
        "inForm": false,
        "inIndex": false
    },{
        "name": "updated_at",
        "dbType": "timestamp",
        "htmlType": "",
        "validations": "",
        "searchable": false,
        "fillable": false,
        "primary": false,
        "inForm": false,
        "inIndex": false
    }
]