[
    {
        "name": "id",
        "dbType": "increments",
        "htmlType": "",
        "validations": "",
        "searchable": false,
        "fillable": false,
        "primary": true,
        "inForm": false,
        "inIndex": false
    },{
        "name": "seccion",
        "dbType": "string,50",
        "htmlType": "text",
        "validations": "required",
        "searchable": true,
        "fillable": true
    },{
        "name": "grado_id",
        "dbType": "integer:unsigned:foreign,grados,id",
        "htmlType": "",
        "relation": "mt1,grado,grado_id"
    },{
        "type": "relation",
        "relation": "1tm,boleta"
    },{
        "name": "created_at",
        "dbType": "timestamp",
        "htmlType": "",
        "validations": "",
        "searchable": false,
        "fillable": false,
        "primary": false,
        "inForm": false,
        "inIndex": false
    },{
        "name": "updated_at",
        "dbType": "timestamp",
        "htmlType": "",
        "validations": "",
        "searchable": false,
        "fillable": false,
        "primary": false,
        "inForm": false,
        "inIndex": false
    }
]